timestamp_utc,vertical,doc_id,offset,cohesion,tp,fp,fn,tn,na,recall,precision,f1,passes_gates
2026-06-22T12:40:59.6628752+00:00,fsi,doc-002-tpra-cloud,0.00,0,3,1,0,1,0,1.000,0.750,0.857,0
2026-06-22T12:41:00.2984466+00:00,gov-architecture,doc-003-fully-compliant,0.00,0,2,1,2,0,0,0.500,0.667,0.571,0
2026-06-22T12:41:00.5577946+00:00,oil-gas,doc-002-clean-pipeline-program,0.00,0,5,0,0,0,0,1.000,1.000,1.000,1
2026-06-22T12:41:01.0297434+00:00,oil-gas,doc-001-pipeline-ops-manual-with-gaps,0.00,0,2,1,0,1,1,1.000,0.667,0.800,0
2026-06-22T12:41:01.4227901+00:00,fsi,doc-001-vendor-msa-with-gaps,0.00,0,0,0,0,5,0,1.000,1.000,1.000,1
2026-06-22T12:41:01.7363883+00:00,permitting,doc-002-warehouse-clean,0.00,0,5,0,0,0,0,1.000,1.000,1.000,1
2026-06-22T12:41:02.0425010+00:00,contract,doc-002-clean-msa,0.00,0,4,0,1,0,0,0.800,1.000,0.889,0
2026-06-22T12:41:02.3414051+00:00,gov-architecture,doc-002-iaas-partial-compliance,0.00,0,3,0,0,2,0,1.000,1.000,1.000,1
2026-06-22T12:41:02.6409067+00:00,gov-architecture,doc-001-protb-saas-with-gaps,0.00,0,0,0,0,5,0,1.000,1.000,1.000,1
2026-06-22T12:41:03.0467135+00:00,permitting,doc-001-condo-permit-with-gaps,0.00,0,1,0,0,4,0,1.000,1.000,1.000,1
2026-06-22T12:41:03.3957730+00:00,contract,doc-001-msa-with-gaps,0.00,0,0,0,0,5,0,1.000,1.000,1.000,1
2026-06-22T12:49:19.1197474+00:00,fsi,doc-002-tpra-cloud,0.00,0,3,1,0,1,0,1.000,0.750,0.857,0
2026-06-22T12:49:19.7657344+00:00,gov-architecture,doc-003-fully-compliant,0.00,0,5,0,0,0,0,1.000,1.000,1.000,1
2026-06-22T12:49:20.0519062+00:00,oil-gas,doc-002-clean-pipeline-program,0.00,0,5,0,0,0,0,1.000,1.000,1.000,1
2026-06-22T12:49:20.3728292+00:00,oil-gas,doc-001-pipeline-ops-manual-with-gaps,0.00,0,1,1,0,2,1,1.000,0.500,0.667,0
2026-06-22T12:49:20.7555735+00:00,fsi,doc-001-vendor-msa-with-gaps,0.00,0,0,0,0,5,0,1.000,1.000,1.000,1
2026-06-22T12:49:21.0876207+00:00,permitting,doc-002-warehouse-clean,0.00,0,5,0,0,0,0,1.000,1.000,1.000,1
2026-06-22T12:49:21.4098403+00:00,contract,doc-002-clean-msa,0.00,0,5,0,0,0,0,1.000,1.000,1.000,1
2026-06-22T12:49:21.6409892+00:00,gov-architecture,doc-002-iaas-partial-compliance,0.00,0,3,1,0,1,0,1.000,0.750,0.857,0
2026-06-22T12:49:21.8521787+00:00,gov-architecture,doc-001-protb-saas-with-gaps,0.00,0,0,0,0,5,0,1.000,1.000,1.000,1
2026-06-22T12:49:22.2213240+00:00,permitting,doc-001-condo-permit-with-gaps,0.00,0,0,1,0,4,0,1.000,0.000,0.000,0
2026-06-22T12:49:22.5201528+00:00,contract,doc-001-msa-with-gaps,0.00,0,0,0,0,5,0,1.000,1.000,1.000,1
2026-06-22T12:50:12.2194430+00:00,fsi,doc-002-tpra-cloud,0.00,0,3,0,0,2,0,1.000,1.000,1.000,1
2026-06-22T12:50:12.6362094+00:00,gov-architecture,doc-003-fully-compliant,0.00,0,5,0,0,0,0,1.000,1.000,1.000,1
2026-06-22T12:50:12.8799009+00:00,oil-gas,doc-002-clean-pipeline-program,0.00,0,5,0,0,0,0,1.000,1.000,1.000,1
2026-06-22T12:50:13.1377729+00:00,oil-gas,doc-001-pipeline-ops-manual-with-gaps,0.00,0,1,0,0,3,1,1.000,1.000,1.000,1
2026-06-22T12:50:13.5653163+00:00,fsi,doc-001-vendor-msa-with-gaps,0.00,0,0,0,0,5,0,1.000,1.000,1.000,1
2026-06-22T12:50:13.9252884+00:00,permitting,doc-002-warehouse-clean,0.00,0,5,0,0,0,0,1.000,1.000,1.000,1
2026-06-22T12:50:14.3194772+00:00,contract,doc-002-clean-msa,0.00,0,5,0,0,0,0,1.000,1.000,1.000,1
2026-06-22T12:50:14.6096095+00:00,gov-architecture,doc-002-iaas-partial-compliance,0.00,0,3,0,0,2,0,1.000,1.000,1.000,1
2026-06-22T12:50:14.8419209+00:00,gov-architecture,doc-001-protb-saas-with-gaps,0.00,0,0,0,0,5,0,1.000,1.000,1.000,1
2026-06-22T12:50:15.2099519+00:00,permitting,doc-001-condo-permit-with-gaps,0.00,0,0,0,0,5,0,1.000,1.000,1.000,1
2026-06-22T12:50:15.6350354+00:00,contract,doc-001-msa-with-gaps,0.00,0,0,0,0,5,0,1.000,1.000,1.000,1
2026-06-22T12:50:50.2495485+00:00,fsi,doc-002-tpra-cloud,0.00,0,3,0,0,2,0,1.000,1.000,1.000,1
2026-06-22T12:50:50.7357106+00:00,gov-architecture,doc-003-fully-compliant,0.00,0,5,0,0,0,0,1.000,1.000,1.000,1
2026-06-22T12:50:51.0430871+00:00,oil-gas,doc-002-clean-pipeline-program,0.00,0,5,0,0,0,0,1.000,1.000,1.000,1
2026-06-22T12:50:51.3349333+00:00,oil-gas,doc-001-pipeline-ops-manual-with-gaps,0.00,0,1,0,0,3,1,1.000,1.000,1.000,1
2026-06-22T12:50:51.7679063+00:00,fsi,doc-001-vendor-msa-with-gaps,0.00,0,0,0,0,5,0,1.000,1.000,1.000,1
2026-06-22T12:50:52.2376800+00:00,permitting,doc-002-warehouse-clean,0.00,0,5,0,0,0,0,1.000,1.000,1.000,1
2026-06-22T12:50:52.7528038+00:00,contract,doc-002-clean-msa,0.00,0,5,0,0,0,0,1.000,1.000,1.000,1
2026-06-22T12:50:53.1612900+00:00,gov-architecture,doc-002-iaas-partial-compliance,0.00,0,3,0,0,2,0,1.000,1.000,1.000,1
2026-06-22T12:50:53.5005220+00:00,gov-architecture,doc-001-protb-saas-with-gaps,0.00,0,0,0,0,5,0,1.000,1.000,1.000,1
2026-06-22T12:50:53.9986953+00:00,permitting,doc-001-condo-permit-with-gaps,0.00,0,0,0,0,5,0,1.000,1.000,1.000,1
2026-06-22T12:50:54.4387371+00:00,contract,doc-001-msa-with-gaps,0.00,0,0,0,0,5,0,1.000,1.000,1.000,1
2026-06-22T16:14:47.3776729+00:00,healthcare,summitcare-compliant,0.00,0,6,0,2,0,0,0.750,1.000,0.857,0
2026-06-22T16:14:48.1640257+00:00,fsi,doc-002-tpra-cloud,0.00,0,3,0,0,2,0,1.000,1.000,1.000,1
2026-06-22T16:14:48.4663680+00:00,gov-architecture,doc-003-fully-compliant,0.00,0,5,0,0,0,0,1.000,1.000,1.000,1
2026-06-22T16:14:48.7552787+00:00,oil-gas,doc-002-clean-pipeline-program,0.00,0,5,0,0,0,0,1.000,1.000,1.000,1
2026-06-22T16:14:49.3038739+00:00,privacy-gdpr,novacrm-compliant,0.00,0,4,0,2,0,0,0.667,1.000,0.800,0
2026-06-22T16:14:49.5569363+00:00,oil-gas,doc-001-pipeline-ops-manual-with-gaps,0.00,0,1,0,0,3,1,1.000,1.000,1.000,1
2026-06-22T16:14:49.9986414+00:00,privacy-law25,novacrm-compliant,0.00,0,1,0,4,1,0,0.200,1.000,0.333,0
2026-06-22T16:14:50.3973768+00:00,privacy-law25,dataflow-gaps,0.00,0,0,0,0,6,0,1.000,1.000,1.000,1
2026-06-22T16:14:50.8543562+00:00,privacy-gdpr,dataflow-gaps,0.00,0,0,0,0,6,0,1.000,1.000,1.000,1
2026-06-22T16:14:51.4959805+00:00,healthcare,acme-telehealth-gaps,0.00,0,0,0,0,8,0,1.000,1.000,1.000,1
2026-06-22T16:14:52.0287764+00:00,fsi,doc-001-vendor-msa-with-gaps,0.00,0,0,0,0,5,0,1.000,1.000,1.000,1
2026-06-22T16:14:52.3475492+00:00,permitting,doc-002-warehouse-clean,0.00,0,5,0,0,0,0,1.000,1.000,1.000,1
2026-06-22T16:14:52.7829115+00:00,contract,doc-002-clean-msa,0.00,0,5,0,0,0,0,1.000,1.000,1.000,1
2026-06-22T16:14:53.1768593+00:00,gov-architecture,doc-002-iaas-partial-compliance,0.00,0,3,0,0,2,0,1.000,1.000,1.000,1
2026-06-22T16:14:53.4048641+00:00,gov-architecture,doc-001-protb-saas-with-gaps,0.00,0,0,0,0,5,0,1.000,1.000,1.000,1
2026-06-22T16:14:53.9743700+00:00,permitting,doc-001-condo-permit-with-gaps,0.00,0,0,0,0,5,0,1.000,1.000,1.000,1
2026-06-22T16:14:54.3150370+00:00,contract,doc-001-msa-with-gaps,0.00,0,0,0,0,5,0,1.000,1.000,1.000,1
2026-06-22T16:17:21.2473626+00:00,healthcare,summitcare-compliant,0.00,0,6,0,2,0,0,0.750,1.000,0.857,0
2026-06-22T16:17:21.8370644+00:00,fsi,doc-002-tpra-cloud,0.00,0,3,0,0,2,0,1.000,1.000,1.000,1
2026-06-22T16:17:22.1782529+00:00,gov-architecture,doc-003-fully-compliant,0.00,0,5,0,0,0,0,1.000,1.000,1.000,1
2026-06-22T16:17:22.4570156+00:00,oil-gas,doc-002-clean-pipeline-program,0.00,0,5,0,0,0,0,1.000,1.000,1.000,1
2026-06-22T16:17:23.0267654+00:00,privacy-gdpr,novacrm-compliant,0.00,0,4,0,2,0,0,0.667,1.000,0.800,0
2026-06-22T16:17:23.2810517+00:00,oil-gas,doc-001-pipeline-ops-manual-with-gaps,0.00,0,1,0,0,3,1,1.000,1.000,1.000,1
2026-06-22T16:17:23.7457242+00:00,privacy-law25,novacrm-compliant,0.00,0,1,0,4,1,0,0.200,1.000,0.333,0
2026-06-22T16:17:24.1623394+00:00,privacy-law25,dataflow-gaps,0.00,0,0,0,0,6,0,1.000,1.000,1.000,1
2026-06-22T16:17:24.5505847+00:00,privacy-gdpr,dataflow-gaps,0.00,0,0,0,0,6,0,1.000,1.000,1.000,1
2026-06-22T16:17:25.0954179+00:00,healthcare,acme-telehealth-gaps,0.00,0,0,0,0,8,0,1.000,1.000,1.000,1
2026-06-22T16:17:25.5774330+00:00,fsi,doc-001-vendor-msa-with-gaps,0.00,0,0,0,0,5,0,1.000,1.000,1.000,1
2026-06-22T16:17:25.9412183+00:00,permitting,doc-002-warehouse-clean,0.00,0,5,0,0,0,0,1.000,1.000,1.000,1
2026-06-22T16:17:26.3738319+00:00,contract,doc-002-clean-msa,0.00,0,5,0,0,0,0,1.000,1.000,1.000,1
2026-06-22T16:17:26.6677610+00:00,gov-architecture,doc-002-iaas-partial-compliance,0.00,0,3,0,0,2,0,1.000,1.000,1.000,1
2026-06-22T16:17:26.9206415+00:00,gov-architecture,doc-001-protb-saas-with-gaps,0.00,0,0,0,0,5,0,1.000,1.000,1.000,1
2026-06-22T16:17:27.3376390+00:00,permitting,doc-001-condo-permit-with-gaps,0.00,0,0,0,0,5,0,1.000,1.000,1.000,1
2026-06-22T16:17:27.6984954+00:00,contract,doc-001-msa-with-gaps,0.00,0,0,0,0,5,0,1.000,1.000,1.000,1
2026-06-22T16:22:34.0988058+00:00,healthcare,summitcare-compliant,0.00,0,8,0,0,0,0,1.000,1.000,1.000,1
2026-06-22T16:22:34.7097869+00:00,fsi,doc-002-tpra-cloud,0.00,0,3,0,0,2,0,1.000,1.000,1.000,1
2026-06-22T16:22:35.0521251+00:00,gov-architecture,doc-003-fully-compliant,0.00,0,5,0,0,0,0,1.000,1.000,1.000,1
2026-06-22T16:22:35.3858970+00:00,oil-gas,doc-002-clean-pipeline-program,0.00,0,5,0,0,0,0,1.000,1.000,1.000,1
2026-06-22T16:22:36.0632797+00:00,privacy-gdpr,novacrm-compliant,0.00,0,5,0,1,0,0,0.833,1.000,0.909,0
2026-06-22T16:22:36.4462703+00:00,oil-gas,doc-001-pipeline-ops-manual-with-gaps,0.00,0,1,0,0,3,1,1.000,1.000,1.000,1
2026-06-22T16:22:37.1126608+00:00,privacy-law25,novacrm-compliant,0.00,0,4,0,1,1,0,0.800,1.000,0.889,0
2026-06-22T16:22:37.5949068+00:00,privacy-law25,dataflow-gaps,0.00,0,0,0,0,6,0,1.000,1.000,1.000,1
2026-06-22T16:22:38.0757958+00:00,privacy-gdpr,dataflow-gaps,0.00,0,0,0,0,6,0,1.000,1.000,1.000,1
2026-06-22T16:22:38.7393984+00:00,healthcare,acme-telehealth-gaps,0.00,0,0,0,0,8,0,1.000,1.000,1.000,1
2026-06-22T16:22:39.2465040+00:00,fsi,doc-001-vendor-msa-with-gaps,0.00,0,0,0,0,5,0,1.000,1.000,1.000,1
2026-06-22T16:22:39.5786402+00:00,permitting,doc-002-warehouse-clean,0.00,0,5,0,0,0,0,1.000,1.000,1.000,1
2026-06-22T16:22:39.8722928+00:00,contract,doc-002-clean-msa,0.00,0,5,0,0,0,0,1.000,1.000,1.000,1
2026-06-22T16:22:40.1641833+00:00,gov-architecture,doc-002-iaas-partial-compliance,0.00,0,3,0,0,2,0,1.000,1.000,1.000,1
2026-06-22T16:22:40.4854741+00:00,gov-architecture,doc-001-protb-saas-with-gaps,0.00,0,0,0,0,5,0,1.000,1.000,1.000,1
2026-06-22T16:22:40.9162446+00:00,permitting,doc-001-condo-permit-with-gaps,0.00,0,0,0,0,5,0,1.000,1.000,1.000,1
2026-06-22T16:22:41.4055271+00:00,contract,doc-001-msa-with-gaps,0.00,0,0,0,0,5,0,1.000,1.000,1.000,1
2026-06-22T16:23:24.6563094+00:00,healthcare,summitcare-compliant,0.00,0,8,0,0,0,0,1.000,1.000,1.000,1
2026-06-22T16:23:25.2242880+00:00,fsi,doc-002-tpra-cloud,0.00,0,3,0,0,2,0,1.000,1.000,1.000,1
2026-06-22T16:23:25.5376420+00:00,gov-architecture,doc-003-fully-compliant,0.00,0,5,0,0,0,0,1.000,1.000,1.000,1
2026-06-22T16:23:25.7826895+00:00,oil-gas,doc-002-clean-pipeline-program,0.00,0,5,0,0,0,0,1.000,1.000,1.000,1
2026-06-22T16:23:26.2664373+00:00,privacy-gdpr,novacrm-compliant,0.00,0,6,0,0,0,0,1.000,1.000,1.000,1
2026-06-22T16:23:26.4862884+00:00,oil-gas,doc-001-pipeline-ops-manual-with-gaps,0.00,0,1,0,0,3,1,1.000,1.000,1.000,1
2026-06-22T16:23:27.0058865+00:00,privacy-law25,novacrm-compliant,0.00,0,5,0,0,1,0,1.000,1.000,1.000,1
2026-06-22T16:23:27.3407830+00:00,privacy-law25,dataflow-gaps,0.00,0,0,0,0,6,0,1.000,1.000,1.000,1
2026-06-22T16:23:27.7068687+00:00,privacy-gdpr,dataflow-gaps,0.00,0,0,0,0,6,0,1.000,1.000,1.000,1
2026-06-22T16:23:28.2860159+00:00,healthcare,acme-telehealth-gaps,0.00,0,0,0,0,8,0,1.000,1.000,1.000,1
2026-06-22T16:23:28.6979077+00:00,fsi,doc-001-vendor-msa-with-gaps,0.00,0,0,0,0,5,0,1.000,1.000,1.000,1
2026-06-22T16:23:29.0389542+00:00,permitting,doc-002-warehouse-clean,0.00,0,5,0,0,0,0,1.000,1.000,1.000,1
2026-06-22T16:23:29.3468623+00:00,contract,doc-002-clean-msa,0.00,0,5,0,0,0,0,1.000,1.000,1.000,1
2026-06-22T16:23:29.6155587+00:00,gov-architecture,doc-002-iaas-partial-compliance,0.00,0,3,0,0,2,0,1.000,1.000,1.000,1
2026-06-22T16:23:29.9041906+00:00,gov-architecture,doc-001-protb-saas-with-gaps,0.00,0,0,0,0,5,0,1.000,1.000,1.000,1
2026-06-22T16:23:30.3038730+00:00,permitting,doc-001-condo-permit-with-gaps,0.00,0,0,0,0,5,0,1.000,1.000,1.000,1
2026-06-22T16:23:30.6361459+00:00,contract,doc-001-msa-with-gaps,0.00,0,0,0,0,5,0,1.000,1.000,1.000,1
2026-06-22T16:23:40.3368694+00:00,healthcare,summitcare-compliant,0.00,0,8,0,0,0,0,1.000,1.000,1.000,1
2026-06-22T16:23:40.9718703+00:00,fsi,doc-002-tpra-cloud,0.00,0,3,0,0,2,0,1.000,1.000,1.000,1
2026-06-22T16:23:41.3114650+00:00,gov-architecture,doc-003-fully-compliant,0.00,0,5,0,0,0,0,1.000,1.000,1.000,1
2026-06-22T16:23:41.5881403+00:00,oil-gas,doc-002-clean-pipeline-program,0.00,0,5,0,0,0,0,1.000,1.000,1.000,1
2026-06-22T16:23:42.2144989+00:00,privacy-gdpr,novacrm-compliant,0.00,0,6,0,0,0,0,1.000,1.000,1.000,1
2026-06-22T16:23:42.4366530+00:00,oil-gas,doc-001-pipeline-ops-manual-with-gaps,0.00,0,1,0,0,3,1,1.000,1.000,1.000,1
2026-06-22T16:23:42.8767345+00:00,privacy-law25,novacrm-compliant,0.00,0,5,0,0,1,0,1.000,1.000,1.000,1
2026-06-22T16:23:43.2936603+00:00,privacy-law25,dataflow-gaps,0.00,0,0,0,0,6,0,1.000,1.000,1.000,1
2026-06-22T16:23:43.6693677+00:00,privacy-gdpr,dataflow-gaps,0.00,0,0,0,0,6,0,1.000,1.000,1.000,1
2026-06-22T16:23:44.1995492+00:00,healthcare,acme-telehealth-gaps,0.00,0,0,0,0,8,0,1.000,1.000,1.000,1
2026-06-22T16:23:44.6403618+00:00,fsi,doc-001-vendor-msa-with-gaps,0.00,0,0,0,0,5,0,1.000,1.000,1.000,1
2026-06-22T16:23:44.9553281+00:00,permitting,doc-002-warehouse-clean,0.00,0,5,0,0,0,0,1.000,1.000,1.000,1
2026-06-22T16:23:45.2605893+00:00,contract,doc-002-clean-msa,0.00,0,5,0,0,0,0,1.000,1.000,1.000,1
2026-06-22T16:23:45.5395120+00:00,gov-architecture,doc-002-iaas-partial-compliance,0.00,0,3,0,0,2,0,1.000,1.000,1.000,1
2026-06-22T16:23:45.7974674+00:00,gov-architecture,doc-001-protb-saas-with-gaps,0.00,0,0,0,0,5,0,1.000,1.000,1.000,1
2026-06-22T16:23:46.1711197+00:00,permitting,doc-001-condo-permit-with-gaps,0.00,0,0,0,0,5,0,1.000,1.000,1.000,1
2026-06-22T16:23:46.4802687+00:00,contract,doc-001-msa-with-gaps,0.00,0,0,0,0,5,0,1.000,1.000,1.000,1
2026-06-22T16:24:17.0756071+00:00,healthcare,summitcare-compliant,0.00,0,8,0,0,0,0,1.000,1.000,1.000,1
2026-06-22T16:24:18.4374470+00:00,fsi,doc-002-tpra-cloud,0.00,0,3,0,0,2,0,1.000,1.000,1.000,1
2026-06-22T16:24:19.1355275+00:00,gov-architecture,doc-003-fully-compliant,0.00,0,5,0,0,0,0,1.000,1.000,1.000,1
2026-06-22T16:24:19.7265545+00:00,oil-gas,doc-002-clean-pipeline-program,0.00,0,5,0,0,0,0,1.000,1.000,1.000,1
2026-06-22T16:24:20.9349088+00:00,privacy-gdpr,novacrm-compliant,0.00,0,6,0,0,0,0,1.000,1.000,1.000,1
2026-06-22T16:24:21.4690350+00:00,oil-gas,doc-001-pipeline-ops-manual-with-gaps,0.00,0,1,0,0,3,1,1.000,1.000,1.000,1
2026-06-22T16:24:22.6076783+00:00,privacy-law25,novacrm-compliant,0.00,0,5,0,0,1,0,1.000,1.000,1.000,1
2026-06-22T16:24:23.4995224+00:00,privacy-law25,dataflow-gaps,0.00,0,0,0,0,6,0,1.000,1.000,1.000,1
2026-06-22T16:24:24.3888277+00:00,privacy-gdpr,dataflow-gaps,0.00,0,0,0,0,6,0,1.000,1.000,1.000,1
2026-06-22T16:24:25.5710213+00:00,healthcare,acme-telehealth-gaps,0.00,0,0,0,0,8,0,1.000,1.000,1.000,1
2026-06-22T16:24:26.4058266+00:00,fsi,doc-001-vendor-msa-with-gaps,0.00,0,0,0,0,5,0,1.000,1.000,1.000,1
2026-06-22T16:24:27.0339970+00:00,permitting,doc-002-warehouse-clean,0.00,0,5,0,0,0,0,1.000,1.000,1.000,1
2026-06-22T16:24:27.6858960+00:00,contract,doc-002-clean-msa,0.00,0,5,0,0,0,0,1.000,1.000,1.000,1
2026-06-22T16:24:28.2767851+00:00,gov-architecture,doc-002-iaas-partial-compliance,0.00,0,3,0,0,2,0,1.000,1.000,1.000,1
2026-06-22T16:24:28.8137674+00:00,gov-architecture,doc-001-protb-saas-with-gaps,0.00,0,0,0,0,5,0,1.000,1.000,1.000,1
2026-06-22T16:24:29.6038055+00:00,permitting,doc-001-condo-permit-with-gaps,0.00,0,0,0,0,5,0,1.000,1.000,1.000,1
2026-06-22T16:24:30.2779243+00:00,contract,doc-001-msa-with-gaps,0.00,0,0,0,0,5,0,1.000,1.000,1.000,1
2026-06-22T16:37:54.0048265+00:00,healthcare,summitcare-compliant,0.00,0,8,0,0,0,0,1.000,1.000,1.000,1
2026-06-22T16:37:55.4910357+00:00,fsi,doc-002-tpra-cloud,0.00,0,3,0,0,2,0,1.000,1.000,1.000,1
2026-06-22T16:37:56.2399835+00:00,gov-architecture,doc-003-fully-compliant,0.00,0,5,0,0,0,0,1.000,1.000,1.000,1
2026-06-22T16:37:56.8913060+00:00,oil-gas,doc-002-clean-pipeline-program,0.00,0,5,0,0,0,0,1.000,1.000,1.000,1
2026-06-22T16:37:58.3112138+00:00,privacy-gdpr,novacrm-compliant,0.00,0,6,0,0,0,0,1.000,1.000,1.000,1
2026-06-22T16:37:58.9277314+00:00,oil-gas,doc-001-pipeline-ops-manual-with-gaps,0.00,0,1,0,0,3,1,1.000,1.000,1.000,1
2026-06-22T16:38:00.1626496+00:00,privacy-law25,novacrm-compliant,0.00,0,5,0,0,1,0,1.000,1.000,1.000,1
2026-06-22T16:38:00.9947600+00:00,privacy-law25,dataflow-gaps,0.00,0,0,0,0,6,0,1.000,1.000,1.000,1
2026-06-22T16:38:01.8695977+00:00,privacy-gdpr,dataflow-gaps,0.00,0,0,0,0,6,0,1.000,1.000,1.000,1
2026-06-22T16:38:02.9719273+00:00,healthcare,acme-telehealth-gaps,0.00,0,0,0,0,8,0,1.000,1.000,1.000,1
2026-06-22T16:38:03.7807364+00:00,fsi,doc-001-vendor-msa-with-gaps,0.00,0,0,0,0,5,0,1.000,1.000,1.000,1
2026-06-22T16:38:04.4515528+00:00,permitting,doc-002-warehouse-clean,0.00,0,5,0,0,0,0,1.000,1.000,1.000,1
2026-06-22T16:38:05.1174821+00:00,contract,doc-002-clean-msa,0.00,0,5,0,0,0,0,1.000,1.000,1.000,1
2026-06-22T16:38:05.7427564+00:00,gov-architecture,doc-002-iaas-partial-compliance,0.00,0,3,0,0,2,0,1.000,1.000,1.000,1
2026-06-22T16:38:06.2253144+00:00,gov-architecture,doc-001-protb-saas-with-gaps,0.00,0,0,0,0,5,0,1.000,1.000,1.000,1
2026-06-22T16:38:06.9592164+00:00,permitting,doc-001-condo-permit-with-gaps,0.00,0,0,0,0,5,0,1.000,1.000,1.000,1
2026-06-22T16:38:07.6325433+00:00,contract,doc-001-msa-with-gaps,0.00,0,0,0,0,5,0,1.000,1.000,1.000,1
2026-06-22T18:46:50.9361319+00:00,healthcare,summitcare-compliant,0.00,0,8,0,0,0,0,1.000,1.000,1.000,1
2026-06-22T18:46:51.5334973+00:00,fsi,doc-002-tpra-cloud,0.00,0,3,0,0,2,0,1.000,1.000,1.000,1
2026-06-22T18:46:51.9214413+00:00,gov-architecture,doc-003-fully-compliant,0.00,0,5,0,0,0,0,1.000,1.000,1.000,1
2026-06-22T18:46:52.2303255+00:00,oil-gas,doc-002-clean-pipeline-program,0.00,0,5,0,0,0,0,1.000,1.000,1.000,1
2026-06-22T18:46:52.8311355+00:00,privacy-gdpr,novacrm-compliant,0.00,0,6,0,0,0,0,1.000,1.000,1.000,1
2026-06-22T18:46:53.1104956+00:00,oil-gas,doc-001-pipeline-ops-manual-with-gaps,0.00,0,1,0,0,3,1,1.000,1.000,1.000,1
2026-06-22T18:46:53.6763443+00:00,privacy-law25,novacrm-compliant,0.00,0,5,0,0,1,0,1.000,1.000,1.000,1
2026-06-22T18:46:54.1415620+00:00,privacy-law25,dataflow-gaps,0.00,0,0,0,0,6,0,1.000,1.000,1.000,1
2026-06-22T18:46:54.6334525+00:00,privacy-gdpr,dataflow-gaps,0.00,0,0,0,0,6,0,1.000,1.000,1.000,1
2026-06-22T18:46:55.3003704+00:00,healthcare,acme-telehealth-gaps,0.00,0,0,0,0,8,0,1.000,1.000,1.000,1
2026-06-22T18:46:55.7736111+00:00,fsi,doc-001-vendor-msa-with-gaps,0.00,0,0,0,0,5,0,1.000,1.000,1.000,1
2026-06-22T18:46:56.3100817+00:00,permitting,doc-002-warehouse-clean,0.00,0,5,0,0,0,0,1.000,1.000,1.000,1
2026-06-22T18:46:56.6277862+00:00,contract,doc-002-clean-msa,0.00,0,5,0,0,0,0,1.000,1.000,1.000,1
2026-06-22T18:46:56.9402168+00:00,gov-architecture,doc-002-iaas-partial-compliance,0.00,0,3,0,0,2,0,1.000,1.000,1.000,1
2026-06-22T18:46:57.3195722+00:00,gov-architecture,doc-001-protb-saas-with-gaps,0.00,0,0,0,0,5,0,1.000,1.000,1.000,1
2026-06-22T18:46:57.7583000+00:00,permitting,doc-001-condo-permit-with-gaps,0.00,0,0,0,0,5,0,1.000,1.000,1.000,1
2026-06-22T18:46:58.2049821+00:00,contract,doc-001-msa-with-gaps,0.00,0,0,0,0,5,0,1.000,1.000,1.000,1
2026-06-22T18:48:12.8450437+00:00,healthcare,summitcare-compliant,0.00,0,8,0,0,0,0,1.000,1.000,1.000,1
2026-06-22T18:48:13.4040355+00:00,fsi,doc-002-tpra-cloud,0.00,0,3,0,0,2,0,1.000,1.000,1.000,1
2026-06-22T18:48:13.6551668+00:00,gov-architecture,doc-003-fully-compliant,0.00,0,5,0,0,0,0,1.000,1.000,1.000,1
2026-06-22T18:48:13.8556636+00:00,oil-gas,doc-002-clean-pipeline-program,0.00,0,5,0,0,0,0,1.000,1.000,1.000,1
2026-06-22T18:48:14.4118733+00:00,privacy-gdpr,novacrm-compliant,0.00,0,6,0,0,0,0,1.000,1.000,1.000,1
2026-06-22T18:48:14.6644427+00:00,oil-gas,doc-001-pipeline-ops-manual-with-gaps,0.00,0,1,0,0,3,1,1.000,1.000,1.000,1
2026-06-22T18:48:15.1758851+00:00,privacy-law25,novacrm-compliant,0.00,0,5,0,0,1,0,1.000,1.000,1.000,1
2026-06-22T18:48:15.5548295+00:00,privacy-law25,dataflow-gaps,0.00,0,0,0,0,6,0,1.000,1.000,1.000,1
2026-06-22T18:48:16.0039152+00:00,privacy-gdpr,dataflow-gaps,0.00,0,0,0,0,6,0,1.000,1.000,1.000,1
2026-06-22T18:48:16.6038656+00:00,healthcare,acme-telehealth-gaps,0.00,0,0,0,0,8,0,1.000,1.000,1.000,1
2026-06-22T18:48:17.4056746+00:00,fsi,doc-001-vendor-msa-with-gaps,0.00,0,0,0,0,5,0,1.000,1.000,1.000,1
2026-06-22T18:48:17.8355313+00:00,permitting,doc-002-warehouse-clean,0.00,0,5,0,0,0,0,1.000,1.000,1.000,1
2026-06-22T18:48:18.2328792+00:00,contract,doc-002-clean-msa,0.00,0,5,0,0,0,0,1.000,1.000,1.000,1
2026-06-22T18:48:18.6013820+00:00,gov-architecture,doc-002-iaas-partial-compliance,0.00,0,3,0,0,2,0,1.000,1.000,1.000,1
2026-06-22T18:48:18.8476011+00:00,gov-architecture,doc-001-protb-saas-with-gaps,0.00,0,0,0,0,5,0,1.000,1.000,1.000,1
2026-06-22T18:48:19.2991461+00:00,permitting,doc-001-condo-permit-with-gaps,0.00,0,0,0,0,5,0,1.000,1.000,1.000,1
2026-06-22T18:48:19.7433502+00:00,contract,doc-001-msa-with-gaps,0.00,0,0,0,0,5,0,1.000,1.000,1.000,1
2026-06-22T18:52:31.0190799+00:00,healthcare,summitcare-compliant,0.00,0,8,0,0,0,0,1.000,1.000,1.000,1
2026-06-22T18:52:32.1046100+00:00,fsi,doc-002-tpra-cloud,0.00,0,3,0,0,2,0,1.000,1.000,1.000,1
2026-06-22T18:52:32.7338809+00:00,gov-architecture,doc-003-fully-compliant,0.00,0,5,0,0,0,0,1.000,1.000,1.000,1
2026-06-22T18:52:33.2764751+00:00,oil-gas,doc-002-clean-pipeline-program,0.00,0,5,0,0,0,0,1.000,1.000,1.000,1
2026-06-22T18:52:34.3693815+00:00,privacy-gdpr,novacrm-compliant,0.00,0,6,0,0,0,0,1.000,1.000,1.000,1
2026-06-22T18:52:34.8997298+00:00,oil-gas,doc-001-pipeline-ops-manual-with-gaps,0.00,0,1,0,0,3,1,1.000,1.000,1.000,1
2026-06-22T18:52:35.9573501+00:00,privacy-law25,novacrm-compliant,0.00,0,5,0,0,1,0,1.000,1.000,1.000,1
2026-06-22T18:52:36.8541477+00:00,privacy-law25,dataflow-gaps,0.00,0,0,0,0,6,0,1.000,1.000,1.000,1
2026-06-22T18:52:37.6711190+00:00,privacy-gdpr,dataflow-gaps,0.00,0,0,0,0,6,0,1.000,1.000,1.000,1
2026-06-22T18:52:38.8456131+00:00,healthcare,acme-telehealth-gaps,0.00,0,0,0,0,8,0,1.000,1.000,1.000,1
2026-06-22T18:52:39.6391152+00:00,fsi,doc-001-vendor-msa-with-gaps,0.00,0,0,0,0,5,0,1.000,1.000,1.000,1
2026-06-22T18:52:40.2937692+00:00,permitting,doc-002-warehouse-clean,0.00,0,5,0,0,0,0,1.000,1.000,1.000,1
2026-06-22T18:52:40.8993344+00:00,contract,doc-002-clean-msa,0.00,0,5,0,0,0,0,1.000,1.000,1.000,1
2026-06-22T18:52:41.4635174+00:00,gov-architecture,doc-002-iaas-partial-compliance,0.00,0,3,0,0,2,0,1.000,1.000,1.000,1
2026-06-22T18:52:41.9356304+00:00,gov-architecture,doc-001-protb-saas-with-gaps,0.00,0,0,0,0,5,0,1.000,1.000,1.000,1
2026-06-22T18:52:42.6886313+00:00,permitting,doc-001-condo-permit-with-gaps,0.00,0,0,0,0,5,0,1.000,1.000,1.000,1
2026-06-22T18:52:43.3271729+00:00,contract,doc-001-msa-with-gaps,0.00,0,0,0,0,5,0,1.000,1.000,1.000,1
2026-06-22T19:17:04.7436672+00:00,healthcare,summitcare-compliant,0.00,0,8,0,0,0,0,1.000,1.000,1.000,1
2026-06-22T19:17:05.5928244+00:00,fsi,doc-002-tpra-cloud,0.00,0,3,0,0,2,0,1.000,1.000,1.000,1
2026-06-22T19:17:06.0837914+00:00,gov-architecture,doc-003-fully-compliant,0.00,0,5,0,0,0,0,1.000,1.000,1.000,1
2026-06-22T19:17:06.4609335+00:00,oil-gas,doc-002-clean-pipeline-program,0.00,0,5,0,0,0,0,1.000,1.000,1.000,1
2026-06-22T19:17:07.3090051+00:00,privacy-gdpr,novacrm-compliant,0.00,0,6,0,0,0,0,1.000,1.000,1.000,1
2026-06-22T19:17:07.6814704+00:00,oil-gas,doc-001-pipeline-ops-manual-with-gaps,0.00,0,1,0,0,3,1,1.000,1.000,1.000,1
2026-06-22T19:17:08.4763055+00:00,privacy-law25,novacrm-compliant,0.00,0,5,0,0,1,0,1.000,1.000,1.000,1
2026-06-22T19:17:09.1142868+00:00,privacy-law25,dataflow-gaps,0.00,0,0,0,0,6,0,1.000,1.000,1.000,1
2026-06-22T19:17:09.8079340+00:00,privacy-gdpr,dataflow-gaps,0.00,0,0,0,0,6,0,1.000,1.000,1.000,1
2026-06-22T19:17:10.6401991+00:00,healthcare,acme-telehealth-gaps,0.00,0,0,0,0,8,0,1.000,1.000,1.000,1
2026-06-22T19:17:11.2220517+00:00,fsi,doc-001-vendor-msa-with-gaps,0.00,0,0,0,0,5,0,1.000,1.000,1.000,1
2026-06-22T19:17:11.7429103+00:00,permitting,doc-002-warehouse-clean,0.00,0,5,0,0,0,0,1.000,1.000,1.000,1
2026-06-22T19:17:12.3193573+00:00,contract,doc-002-clean-msa,0.00,0,5,0,0,0,0,1.000,1.000,1.000,1
2026-06-22T19:17:12.7606375+00:00,gov-architecture,doc-002-iaas-partial-compliance,0.00,0,3,0,0,2,0,1.000,1.000,1.000,1
2026-06-22T19:17:13.1612535+00:00,gov-architecture,doc-001-protb-saas-with-gaps,0.00,0,0,0,0,5,0,1.000,1.000,1.000,1
2026-06-22T19:17:13.8032145+00:00,permitting,doc-001-condo-permit-with-gaps,0.00,0,0,0,0,5,0,1.000,1.000,1.000,1
2026-06-22T19:17:14.3590085+00:00,contract,doc-001-msa-with-gaps,0.00,0,0,0,0,5,0,1.000,1.000,1.000,1
2026-06-23T02:27:30.3491793+00:00,healthcare,summitcare-compliant,0.00,0,8,0,0,0,0,1.000,1.000,1.000,1
2026-06-23T02:27:31.1461974+00:00,fsi,doc-002-tpra-cloud,0.00,0,3,0,0,2,0,1.000,1.000,1.000,1
2026-06-23T02:27:31.6405981+00:00,gov-architecture,doc-003-fully-compliant,0.00,0,5,0,0,0,0,1.000,1.000,1.000,1
2026-06-23T02:27:32.0194338+00:00,oil-gas,doc-002-clean-pipeline-program,0.00,0,5,0,0,0,0,1.000,1.000,1.000,1
2026-06-23T02:27:32.8846506+00:00,privacy-gdpr,novacrm-compliant,0.00,0,6,0,0,0,0,1.000,1.000,1.000,1
2026-06-23T02:27:33.2886716+00:00,oil-gas,doc-001-pipeline-ops-manual-with-gaps,0.00,0,1,0,0,3,1,1.000,1.000,1.000,1
2026-06-23T02:27:34.0983394+00:00,privacy-law25,novacrm-compliant,0.00,0,5,0,0,1,0,1.000,1.000,1.000,1
2026-06-23T02:27:34.7531284+00:00,privacy-law25,dataflow-gaps,0.00,0,0,0,0,6,0,1.000,1.000,1.000,1
2026-06-23T02:27:35.3798885+00:00,privacy-gdpr,dataflow-gaps,0.00,0,0,0,0,6,0,1.000,1.000,1.000,1
2026-06-23T02:27:36.2935037+00:00,healthcare,acme-telehealth-gaps,0.00,0,0,0,0,8,0,1.000,1.000,1.000,1
2026-06-23T02:27:36.8984959+00:00,fsi,doc-001-vendor-msa-with-gaps,0.00,0,0,0,0,5,0,1.000,1.000,1.000,1
2026-06-23T02:27:37.3989427+00:00,permitting,doc-002-warehouse-clean,0.00,0,5,0,0,0,0,1.000,1.000,1.000,1
2026-06-23T02:27:37.8764715+00:00,contract,doc-002-clean-msa,0.00,0,5,0,0,0,0,1.000,1.000,1.000,1
2026-06-23T02:27:38.2553906+00:00,gov-architecture,doc-002-iaas-partial-compliance,0.00,0,3,0,0,2,0,1.000,1.000,1.000,1
2026-06-23T02:27:38.5966642+00:00,gov-architecture,doc-001-protb-saas-with-gaps,0.00,0,0,0,0,5,0,1.000,1.000,1.000,1
2026-06-23T02:27:39.1238427+00:00,permitting,doc-001-condo-permit-with-gaps,0.00,0,0,0,0,5,0,1.000,1.000,1.000,1
2026-06-23T02:27:39.6164628+00:00,contract,doc-001-msa-with-gaps,0.00,0,0,0,0,5,0,1.000,1.000,1.000,1
